<?xml version="1.0"?>
<doc>
    <assembly>
        <name>iconnect</name>
    </assembly>
    <members>
        <member name="T:iconnect.IScripting">
            <summary>Script Credentials</summary>
        </member>
        <member name="P:iconnect.IScripting.ScriptLevel">
            <summary>Get script level</summary>
        </member>
        <member name="P:iconnect.IScripting.ScriptInRoom">
            <summary>Get script in room capability setting</summary>
        </member>
        <member name="P:iconnect.IScripting.ScriptEnabled">
            <summary>Get script capability setting</summary>
        </member>
        <member name="T:iconnect.ILink">
            <summary>User Link Credentials</summary>
        </member>
        <member name="P:iconnect.ILink.IsLinked">
            <summary>Get linked client status</summary>
        </member>
        <member name="P:iconnect.ILink.Ident">
            <summary>Get leaf ident</summary>
        </member>
        <member name="P:iconnect.ILink.Visible">
            <summary>Get status of link user's visibility on the user list</summary>
        </member>
        <member name="T:iconnect.IHub">
            <summary>Link hub</summary>
        </member>
        <member name="M:iconnect.IHub.Connect(System.String)">
            <summary>Connect to a hub</summary>
        </member>
        <member name="M:iconnect.IHub.Disconnect">
            <summary>Disconnect from a hub</summary>
        </member>
        <member name="M:iconnect.IHub.ForEachLeaf(System.Action{iconnect.ILeaf})">
            <summary>Perform action on the leaf collection</summary>
        </member>
        <member name="M:iconnect.IHub.FindLeaf(System.Predicate{iconnect.ILeaf})">
            <summary>Find a leaf based on a condition</summary>
        </member>
        <member name="P:iconnect.IHub.IsLinked">
            <summary>Get status of connection to hub</summary>
        </member>
        <member name="P:iconnect.IHub.Name">
            <summary>Get hub name</summary>
        </member>
        <member name="P:iconnect.IHub.ExternalIP">
            <summary>Get hub ip address</summary>
        </member>
        <member name="P:iconnect.IHub.Port">
            <summary>Get hub port</summary>
        </member>
        <member name="T:iconnect.IHashlink">
            <summary>Hashlink decoder / encoder</summary>
        </member>
        <member name="M:iconnect.IHashlink.Decrypt(System.String)">
            <summary>Decrypt a hashlink</summary>
        </member>
        <member name="M:iconnect.IHashlink.Encrypt(iconnect.IHashlinkRoom)">
            <summary>Encrypt a hashlink</summary>
        </member>
        <member name="T:iconnect.ICompression">
            <summary>Compression Utility</summary>
        </member>
        <member name="M:iconnect.ICompression.Compress(System.Byte[])">
            <summary>Compress a byte array</summary>
        </member>
        <member name="M:iconnect.ICompression.Decompress(System.Byte[])">
            <summary>Decompress a byte array</summary>
        </member>
        <member name="T:iconnect.IHashlinkRoom">
            <summary>Hashlink Room</summary>
        </member>
        <member name="P:iconnect.IHashlinkRoom.Name">
            <summary>Get or set name of room</summary>
        </member>
        <member name="P:iconnect.IHashlinkRoom.IP">
            <summary>Get or set external IP address of room</summary>
        </member>
        <member name="P:iconnect.IHashlinkRoom.Port">
            <summary>Get or set data port of room</summary>
        </member>
        <member name="T:iconnect.IChannels">
            <summary>Channel search helper</summary>
        </member>
        <member name="M:iconnect.IChannels.ForEach(System.Action{iconnect.IChannelItem})">
            <summary>Action all channels</summary>
        </member>
        <member name="P:iconnect.IChannels.Available">
            <summary>Check if there are any channels available to search</summary>
        </member>
        <member name="P:iconnect.IChannels.Enabled">
            <summary>Check if room search is enabled</summary>
        </member>
        <member name="T:iconnect.IStats">
            <summary>Chatroom Statistics</summary>
        </member>
        <member name="P:iconnect.IStats.DataReceived">
            <summary>Get total byte count of data received by this server</summary>
        </member>
        <member name="P:iconnect.IStats.DataSent">
            <summary>Get total byte count of data sent by this server</summary>
        </member>
        <member name="P:iconnect.IStats.PublicMessages">
            <summary>Get the total number of public messages received by this server</summary>
        </member>
        <member name="P:iconnect.IStats.PrivateMessages">
            <summary>Get the total number of private messages received by this server</summary>
        </member>
        <member name="P:iconnect.IStats.InvalidLoginAttempts">
            <summary>Get the total number of invalid login attempts received by this server</summary>
        </member>
        <member name="P:iconnect.IStats.FloodCount">
            <summary>Get the total number of users who have flooded out of this server</summary>
        </member>
        <member name="P:iconnect.IStats.RejectionCount">
            <summary>Get the total number of users who were not allowed to join this server</summary>
        </member>
        <member name="P:iconnect.IStats.JoinCount">
            <summary>Get the total number of users who have joined this server</summary>
        </member>
        <member name="P:iconnect.IStats.PartCount">
            <summary>Get the total number of users who have parted from this server</summary>
        </member>
        <member name="P:iconnect.IStats.PeakUserCount">
            <summary>Get the peak user count so far during this session for this server</summary>
        </member>
        <member name="P:iconnect.IStats.CurrentUserCount">
            <summary>Get the current user count for this server</summary>
        </member>
        <member name="T:iconnect.ILinkError">
            <summary>LinkError</summary>
        </member>
        <member name="F:iconnect.ILinkError.UnableToConnect">
            <summary>Unable to connect to hub</summary>
        </member>
        <member name="F:iconnect.ILinkError.RemoteDisconnect">
            <summary>Connection to hub was lost</summary>
        </member>
        <member name="F:iconnect.ILinkError.HandshakeTimeout">
            <summary>Didn't handshake with hub in time</summary>
        </member>
        <member name="F:iconnect.ILinkError.PingTimeout">
            <summary>Didn't ping the hub in time</summary>
        </member>
        <member name="F:iconnect.ILinkError.BadProtocol">
            <summary>Incompatible protocol version with hub</summary>
        </member>
        <member name="F:iconnect.ILinkError.HubException_NotAcceptingLeaves">
            <summary>Hub is not accepting leaves</summary>
        </member>
        <member name="F:iconnect.ILinkError.HubException_WantsHigherProtocol">
            <summary>Incompatible protocol version with hub</summary>
        </member>
        <member name="F:iconnect.ILinkError.HubException_DoesNotTrustYou">
            <summary>Your chatroom is not on the hub's trusted list</summary>
        </member>
        <member name="F:iconnect.ILinkError.HubException_HandshakeTimeout">
            <summary>Didn't handshake with hub in time</summary>
        </member>
        <member name="F:iconnect.ILinkError.HubException_PingTimeout">
            <summary>Didn't ping the hub in time</summary>
        </member>
        <member name="F:iconnect.ILinkError.HubException_BadProtocol">
            <summary>Incompatible protocol version with hub</summary>
        </member>
        <member name="F:iconnect.ILinkError.AlreadyLinking">
            <summary>You attempted to connect to a hub while already connected to another hub</summary>
        </member>
        <member name="F:iconnect.ILinkError.HubMode">
            <summary>You cannot connect to a hub while you are in hub mode</summary>
        </member>
        <member name="F:iconnect.ILinkError.InvalidHashlink">
            <summary>Your hashlink was not valid</summary>
        </member>
        <member name="F:iconnect.ILinkError.WasNotLinking">
            <summary>You attempted to disconnect from a hub while not connected to a hub</summary>
        </member>
        <member name="F:iconnect.ILinkError.EnableLeafLinking">
            <summary>Your link mode is set to disabled</summary>
        </member>
        <member name="T:iconnect.MimeType">
            <summary>File Mime Types</summary>
        </member>
        <member name="F:iconnect.MimeType.ARES_MIME_OTHER">
            <summary>Mime</summary>
        </member>
        <member name="F:iconnect.MimeType.ARES_MIME_MP3">
            <summary>Mime</summary>
        </member>
        <member name="F:iconnect.MimeType.ARES_MIME_AUDIOOTHER1">
            <summary>Mime</summary>
        </member>
        <member name="F:iconnect.MimeType.ARES_MIME_SOFTWARE">
            <summary>Mime</summary>
        </member>
        <member name="F:iconnect.MimeType.ARES_MIME_AUDIOOTHER2">
            <summary>Mime</summary>
        </member>
        <member name="F:iconnect.MimeType.ARES_MIME_VIDEO">
            <summary>Mime</summary>
        </member>
        <member name="F:iconnect.MimeType.ARES_MIME_DOCUMENT">
            <summary>Mime</summary>
        </member>
        <member name="F:iconnect.MimeType.ARES_MIME_IMAGE">
            <summary>Mime</summary>
        </member>
        <member name="T:iconnect.RejectedMsg">
            <summary>Rejection Messages</summary>
        </member>
        <member name="F:iconnect.RejectedMsg.TooManyClients">
            <summary>Too many clients from this IP address are attempting to join</summary>
        </member>
        <member name="F:iconnect.RejectedMsg.TooSoon">
            <summary>Wait a few seconds between join attempts</summary>
        </member>
        <member name="F:iconnect.RejectedMsg.NameInUse">
            <summary>Use a different name that isn't being used by someone else</summary>
        </member>
        <member name="F:iconnect.RejectedMsg.Banned">
            <summary>You are banned from this chatroom</summary>
        </member>
        <member name="F:iconnect.RejectedMsg.UnderAge">
            <summary>You are too young to use this chatroom</summary>
        </member>
        <member name="F:iconnect.RejectedMsg.UnacceptableGender">
            <summary>Your gender is not accepted in this chatroom</summary>
        </member>
        <member name="F:iconnect.RejectedMsg.UserDefined">
            <summary>An extension or script is preventing you from joining</summary>
        </member>
        <member name="F:iconnect.RejectedMsg.Proxy">
            <summary>You are using a black listed proxy server</summary>
        </member>
        <member name="T:iconnect.IBan">
            <summary>Banned User</summary>
        </member>
        <member name="M:iconnect.IBan.Unban">
            <summary>Unban this user</summary>
        </member>
        <member name="P:iconnect.IBan.Name">
            <summary>Get user name</summary>
        </member>
        <member name="P:iconnect.IBan.Version">
            <summary>Get user version</summary>
        </member>
        <member name="P:iconnect.IBan.Guid">
            <summary>Get user GUID</summary>
        </member>
        <member name="P:iconnect.IBan.ExternalIP">
            <summary>Get user external IP address</summary>
        </member>
        <member name="P:iconnect.IBan.LocalIP">
            <summary>Get user local IP address</summary>
        </member>
        <member name="P:iconnect.IBan.Port">
            <summary>Get user data port</summary>
        </member>
        <member name="T:iconnect.ILevel">
            <summary>Admin Levels</summary>
        </member>
        <member name="F:iconnect.ILevel.Regular">
            <summary>Regular</summary>
        </member>
        <member name="F:iconnect.ILevel.Moderator">
            <summary>Moderator</summary>
        </member>
        <member name="F:iconnect.ILevel.Administrator">
            <summary>Administrator</summary>
        </member>
        <member name="F:iconnect.ILevel.Host">
            <summary>Host</summary>
        </member>
        <member name="T:iconnect.IExtension">
            <summary>Server Events</summary>
        </member>
        <member name="M:iconnect.IExtension.ServerStarted">
            <summary>Server Event</summary>
        </member>
        <member name="M:iconnect.IExtension.CycleTick">
            <summary>Server Event</summary>
        </member>
        <member name="M:iconnect.IExtension.UnhandledProtocol(iconnect.IUser,System.Boolean,System.Byte,System.Byte[])">
            <summary>Server Event</summary>
        </member>
        <member name="M:iconnect.IExtension.Joining(iconnect.IUser)">
            <summary>Server Event</summary>
        </member>
        <member name="M:iconnect.IExtension.Joined(iconnect.IUser)">
            <summary>Server Event</summary>
        </member>
        <member name="M:iconnect.IExtension.Rejected(iconnect.IUser,iconnect.RejectedMsg)">
            <summary>Server Event</summary>
        </member>
        <member name="M:iconnect.IExtension.Parting(iconnect.IUser)">
            <summary>Server Event</summary>
        </member>
        <member name="M:iconnect.IExtension.Parted(iconnect.IUser)">
            <summary>Server Event</summary>
        </member>
        <member name="M:iconnect.IExtension.AvatarReceived(iconnect.IUser)">
            <summary>Server Event</summary>
        </member>
        <member name="M:iconnect.IExtension.PersonalMessageReceived(iconnect.IUser,System.String)">
            <summary>Server Event</summary>
        </member>
        <member name="M:iconnect.IExtension.TextReceived(iconnect.IUser,System.String)">
            <summary>Server Event</summary>
        </member>
        <member name="M:iconnect.IExtension.TextSending(iconnect.IUser,System.String)">
            <summary>Server Event</summary>
        </member>
        <member name="M:iconnect.IExtension.TextSent(iconnect.IUser,System.String)">
            <summary>Server Event</summary>
        </member>
        <member name="M:iconnect.IExtension.EmoteReceived(iconnect.IUser,System.String)">
            <summary>Server Event</summary>
        </member>
        <member name="M:iconnect.IExtension.EmoteSending(iconnect.IUser,System.String)">
            <summary>Server Event</summary>
        </member>
        <member name="M:iconnect.IExtension.EmoteSent(iconnect.IUser,System.String)">
            <summary>Server Event</summary>
        </member>
        <member name="M:iconnect.IExtension.PrivateSending(iconnect.IUser,iconnect.IUser,iconnect.IPrivateMsg)">
            <summary>Server Event</summary>
        </member>
        <member name="M:iconnect.IExtension.PrivateSent(iconnect.IUser,iconnect.IUser)">
            <summary>Server Event</summary>
        </member>
        <member name="M:iconnect.IExtension.BotPrivateSent(iconnect.IUser,System.String)">
            <summary>Server Event</summary>
        </member>
        <member name="M:iconnect.IExtension.Command(iconnect.IUser,System.String,iconnect.IUser,System.String)">
            <summary>Server Event</summary>
        </member>
        <member name="M:iconnect.IExtension.Nick(iconnect.IUser,System.String)">
            <summary>Server Event</summary>
        </member>
        <member name="M:iconnect.IExtension.Help(iconnect.IUser)">
            <summary>Server Event</summary>
        </member>
        <member name="M:iconnect.IExtension.FileReceived(iconnect.IUser,System.String,System.String,iconnect.MimeType)">
            <summary>Server Event</summary>
        </member>
        <member name="M:iconnect.IExtension.Ignoring(iconnect.IUser,iconnect.IUser)">
            <summary>Server Event</summary>
        </member>
        <member name="M:iconnect.IExtension.IgnoredStateChanged(iconnect.IUser,iconnect.IUser,System.Boolean)">
            <summary>Server Event</summary>
        </member>
        <member name="M:iconnect.IExtension.InvalidLoginAttempt(iconnect.IUser)">
            <summary>Server Event</summary>
        </member>
        <member name="M:iconnect.IExtension.LoginGranted(iconnect.IUser)">
            <summary>Server Event</summary>
        </member>
        <member name="M:iconnect.IExtension.AdminLevelChanged(iconnect.IUser)">
            <summary>Server Event</summary>
        </member>
        <member name="M:iconnect.IExtension.Registering(iconnect.IUser)">
            <summary>Server Event</summary>
        </member>
        <member name="M:iconnect.IExtension.Registered(iconnect.IUser)">
            <summary>Server Event</summary>
        </member>
        <member name="M:iconnect.IExtension.Unregistered(iconnect.IUser)">
            <summary>Server Event</summary>
        </member>
        <member name="M:iconnect.IExtension.CaptchaSending(iconnect.IUser)">
            <summary>Server Event</summary>
        </member>
        <member name="M:iconnect.IExtension.CaptchaReply(iconnect.IUser,System.String)">
            <summary>Server Event</summary>
        </member>
        <member name="M:iconnect.IExtension.VroomChanging(iconnect.IUser,System.UInt16)">
            <summary>Server Event</summary>
        </member>
        <member name="M:iconnect.IExtension.VroomChanged(iconnect.IUser)">
            <summary>Server Event</summary>
        </member>
        <member name="M:iconnect.IExtension.Flooding(iconnect.IUser,System.Byte)">
            <summary>Server Event</summary>
        </member>
        <member name="M:iconnect.IExtension.Flooded(iconnect.IUser)">
            <summary>Server Event</summary>
        </member>
        <member name="M:iconnect.IExtension.ProxyDetected(iconnect.IUser)">
            <summary>Server Event</summary>
        </member>
        <member name="M:iconnect.IExtension.Logout(iconnect.IUser)">
            <summary>Server Event</summary>
        </member>
        <member name="M:iconnect.IExtension.Idled(iconnect.IUser)">
            <summary>Server Event</summary>
        </member>
        <member name="M:iconnect.IExtension.Unidled(iconnect.IUser,System.UInt32)">
            <summary>Server Event</summary>
        </member>
        <member name="M:iconnect.IExtension.BansAutoCleared">
            <summary>Server Event</summary>
        </member>
        <member name="M:iconnect.IExtension.Dispose">
            <summary>Server Event</summary>
        </member>
        <member name="M:iconnect.IExtension.Load">
            <summary>Server Event</summary>
        </member>
        <member name="M:iconnect.IExtension.LinkError(iconnect.ILinkError)">
            <summary>Server Event</summary>
        </member>
        <member name="M:iconnect.IExtension.Linked">
            <summary>Server Event</summary>
        </member>
        <member name="M:iconnect.IExtension.Unlinked">
            <summary>Server Event</summary>
        </member>
        <member name="M:iconnect.IExtension.LeafJoined(iconnect.ILeaf)">
            <summary>Server Event</summary>
        </member>
        <member name="M:iconnect.IExtension.LeafParted(iconnect.ILeaf)">
            <summary>Server Event</summary>
        </member>
        <member name="M:iconnect.IExtension.LinkedAdminDisabled(iconnect.ILeaf,iconnect.IUser)">
            <summary>Server Event</summary>
        </member>
        <member name="P:iconnect.IExtension.Icon">
            <summary>Icon</summary>
        </member>
        <member name="P:iconnect.IExtension.GUI">
            <summary>GUI</summary>
        </member>
        <member name="T:iconnect.ICommandDefault">
            <summary>Admin GUI Tab</summary>
        </member>
        <member name="P:iconnect.ICommandDefault.Name">
            <summary>Command Name</summary>
        </member>
        <member name="P:iconnect.ICommandDefault.Level">
            <summary>Command Default Level</summary>
        </member>
        <member name="T:iconnect.IPrivateMsg">
            <summary>Private Message</summary>
        </member>
        <member name="M:iconnect.IPrivateMsg.Contains(System.String)">
            <summary>Check if PM contains specific text</summary>
        </member>
        <member name="M:iconnect.IPrivateMsg.Replace(System.String,System.String)">
            <summary>Replace text in PM with new text</summary>
        </member>
        <member name="M:iconnect.IPrivateMsg.Remove(System.String)">
            <summary>Remove specific text from PM</summary>
        </member>
        <member name="P:iconnect.IPrivateMsg.Cancel">
            <summary>Prevent PM from being sent</summary>
        </member>
        <member name="T:iconnect.ILeaf">
            <summary>Link leaf</summary>
        </member>
        <member name="M:iconnect.ILeaf.ForEachUser(System.Action{iconnect.IUser})">
            <summary>Perform action on the user collection for this leaf</summary>
        </member>
        <member name="M:iconnect.ILeaf.Print(System.String)">
            <summary>Print to all users in this leaf</summary>
        </member>
        <member name="M:iconnect.ILeaf.Print(System.UInt16,System.String)">
            <summary>Print to all users in this leaf if they are in a vroom</summary>
        </member>
        <member name="M:iconnect.ILeaf.Print(iconnect.ILevel,System.String)">
            <summary>Print to all users in this leaf if their admin level is high enough</summary>
        </member>
        <member name="M:iconnect.ILeaf.SendText(System.String,System.String)">
            <summary>Send a text to the users of this leaf</summary>
        </member>
        <member name="M:iconnect.ILeaf.SendEmote(System.String,System.String)">
            <summary>Send an emote to the users of this leaf</summary>
        </member>
        <member name="M:iconnect.ILeaf.Scribble(System.String,System.Byte[],System.Int32)">
            <summary>Send a scribble to this leaf</summary>
        </member>
        <member name="P:iconnect.ILeaf.Ident">
            <summary>Leaf identification</summary>
        </member>
        <member name="P:iconnect.ILeaf.Name">
            <summary>Leaf name</summary>
        </member>
        <member name="P:iconnect.ILeaf.ExternalIP">
            <summary>Leaf ip address</summary>
        </member>
        <member name="P:iconnect.ILeaf.Port">
            <summary>Leaf port</summary>
        </member>
        <member name="T:iconnect.IHostApp">
            <summary>Server Callback</summary>
        </member>
        <member name="M:iconnect.IHostApp.WriteLog(System.String)">
            <summary>Write to the debug log</summary>
        </member>
        <member name="M:iconnect.IHostApp.WriteChatLog(System.String)">
            <summary>Write to the chat log</summary>
        </member>
        <member name="M:iconnect.IHostApp.GetLevel(System.String)">
            <summary>Get a user defined minimum admin level for a default command</summary>
        </member>
        <member name="M:iconnect.IHostApp.ClearBans">
            <summary>Clear the ban list</summary>
        </member>
        <member name="M:iconnect.IHostApp.PublicToTarget(iconnect.IUser,System.String,System.String)">
            <summary>Send a public message to one user</summary>
        </member>
        <member name="M:iconnect.IHostApp.EmoteToTarget(iconnect.IUser,System.String,System.String)">
            <summary>Send an emote message to one user</summary>
        </member>
        <member name="P:iconnect.IHostApp.Channels">
            <summary>Channel search helper</summary>
        </member>
        <member name="P:iconnect.IHostApp.Scripting">
            <summary>Scripting credentials</summary>
        </member>
        <member name="P:iconnect.IHostApp.Users">
            <summary>User pool</summary>
        </member>
        <member name="P:iconnect.IHostApp.DataPath">
            <summary>Folder to save items for this extension</summary>
        </member>
        <member name="P:iconnect.IHostApp.Stats">
            <summary>Chatroom statistics</summary>
        </member>
        <member name="P:iconnect.IHostApp.Room">
            <summary>Chatroom properties</summary>
        </member>
        <member name="P:iconnect.IHostApp.Hashlinks">
            <summary>Hashlink encoder / decoder</summary>
        </member>
        <member name="P:iconnect.IHostApp.Compression">
            <summary>Compression utility</summary>
        </member>
        <member name="P:iconnect.IHostApp.Timestamp">
            <summary>Get current timestamp</summary>
        </member>
        <member name="P:iconnect.IHostApp.Hub">
            <summary>Link hub</summary>
        </member>
        <member name="P:iconnect.IHostApp.Ticks">
            <summary>Get current tickcount</summary>
        </member>
        <member name="P:iconnect.IHostApp.Spelling">
            <summary>Spell Checker</summary>
        </member>
        <member name="T:iconnect.IChannelItem">
            <summary>Channel search result</summary>    
        </member>
        <member name="P:iconnect.IChannelItem.Name">
            <summary>Name</summary>
        </member>
        <member name="P:iconnect.IChannelItem.Topic">
            <summary>Topic</summary>
        </member>
        <member name="P:iconnect.IChannelItem.Version">
            <summary>Version</summary>
        </member>
        <member name="P:iconnect.IChannelItem.Users">
            <summary>User count</summary>
        </member>
        <member name="P:iconnect.IChannelItem.Port">
            <summary>Port</summary>
        </member>
        <member name="P:iconnect.IChannelItem.IP">
            <summary>IP Address</summary>
        </member>
        <member name="P:iconnect.IChannelItem.Language">
            <summary>Language Code</summary>
        </member>
        <member name="T:iconnect.IUser">
            <summary>Chatroom Client</summary>
        </member>
        <member name="M:iconnect.IUser.SetLevel(iconnect.ILevel)">
            <summary>Set user admin level</summary>
        </member>
        <member name="M:iconnect.IUser.BinaryWrite(System.Byte[])">
            <summary>Send raw data to the socket</summary>
        </member>
        <member name="M:iconnect.IUser.Print(System.Object)">
            <summary>Print to this client</summary>
        </member>
        <member name="M:iconnect.IUser.Ban">
            <summary>Ban user from the chatroom</summary>
        </member>
        <member name="M:iconnect.IUser.Disconnect">
            <summary>Disconnect user from the chatroom</summary>
        </member>
        <member name="M:iconnect.IUser.Redirect(System.String)">
            <summary>Redirect the user to a different chatroom</summary>
        </member>
        <member name="M:iconnect.IUser.SendText(System.String)">
            <summary>Clone the user</summary>
        </member>
        <member name="M:iconnect.IUser.SendEmote(System.String)">
            <summary>Clone the user</summary>
        </member>
        <member name="M:iconnect.IUser.PM(System.String,System.String)">
            <summary>Send a fake PM to this user</summary>
        </member>
        <member name="M:iconnect.IUser.Topic(System.String)">
            <summary>Set a virtual topic for the user</summary>
        </member>
        <member name="M:iconnect.IUser.RestoreAvatar">
            <summary>Restore user's avatar</summary>
        </member>
        <member name="M:iconnect.IUser.URL(System.String,System.String)">
            <summary>Set a URL tag for the user</summary>
        </member>
        <member name="M:iconnect.IUser.Scribble(System.String,System.Byte[],System.Int32)">
            <summary>Send a scribble to the user (if client supports this feature)</summary>
        </member>
        <member name="M:iconnect.IUser.Nudge(System.String)">
            <summary>Nudge the user (if client supports this feature)</summary>
        </member>
        <member name="P:iconnect.IUser.Link">
            <summary>Get user link credentials</summary>
        </member>
        <member name="P:iconnect.IUser.JoinTime">
            <summary>Get join timestamp</summary>
        </member>
        <member name="P:iconnect.IUser.ID">
            <summary>Get session identity</summary>
        </member>
        <member name="P:iconnect.IUser.ExternalIP">
            <summary>Get External IP Address</summary>
        </member>
        <member name="P:iconnect.IUser.DNS">
            <summary>Get DNS Host Name</summary>
        </member>
        <member name="P:iconnect.IUser.Guid">
            <summary>Get 16 byte GUID</summary>
        </member>
        <member name="P:iconnect.IUser.FileCount">
            <summary>Get File Count</summary>
        </member>
        <member name="P:iconnect.IUser.DataPort">
            <summary>Get Data Port</summary>
        </member>
        <member name="P:iconnect.IUser.NodeIP">
            <summary>Get Super Node IP Address</summary>
        </member>
        <member name="P:iconnect.IUser.NodePort">
            <summary>Get Super Node Port</summary>
        </member>
        <member name="P:iconnect.IUser.Name">
            <summary>Get Current User Name</summary>
        </member>
        <member name="P:iconnect.IUser.OrgName">
            <summary>Get Original User Name</summary>
        </member>
        <member name="P:iconnect.IUser.Version">
            <summary>Get Client Version</summary>
        </member>
        <member name="P:iconnect.IUser.LocalIP">
            <summary>Get Local IP Address</summary>
        </member>
        <member name="P:iconnect.IUser.Browsable">
            <summary>Get Browse Flag</summary>
        </member>
        <member name="P:iconnect.IUser.Age">
            <summary>Get Age</summary>
        </member>
        <member name="P:iconnect.IUser.Sex">
            <summary>Get Gender</summary>
        </member>
        <member name="P:iconnect.IUser.Country">
            <summary>Get Country Code</summary>
        </member>
        <member name="P:iconnect.IUser.Region">
            <summary>Get Regional Location</summary>
        </member>
        <member name="P:iconnect.IUser.FastPing">
            <summary>Get Keep Alive Protocol Flag</summary>
        </member>
        <member name="P:iconnect.IUser.Level">
            <summary>Get Admin Level</summary>
        </member>
        <member name="P:iconnect.IUser.Vroom">
            <summary>Get or Set Current Virtual Room</summary>
        </member>
        <member name="P:iconnect.IUser.Ghosting">
            <summary>Get Ghosting Flag</summary>
        </member>
        <member name="P:iconnect.IUser.IgnoreList">
            <summary>Get Ignore List</summary>
        </member>
        <member name="P:iconnect.IUser.Font">
            <summary>Get Custom Font</summary>
        </member>
        <member name="P:iconnect.IUser.CustomClient">
            <summary>Get Third Party Client Flag</summary>
        </member>
        <member name="P:iconnect.IUser.CustomClientTags">
            <summary>Get or Tag Data</summary>
        </member>
        <member name="P:iconnect.IUser.Muzzled">
            <summary>Get or Set Muzzle Status</summary>
        </member>
        <member name="P:iconnect.IUser.CustomName">
            <summary>Get or Set Custom Name</summary>
        </member>
        <member name="P:iconnect.IUser.WebClient">
            <summary>Get Web Client Flag</summary>
        </member>
        <member name="P:iconnect.IUser.Owner">
            <summary>Get Room Owner Flag</summary>
        </member>
        <member name="P:iconnect.IUser.Avatar">
            <summary>Get or Set Avatar</summary>
        </member>
        <member name="P:iconnect.IUser.PersonalMessage">
            <summary>Get or Set Personal Message</summary>
        </member>
        <member name="P:iconnect.IUser.Encrypted">
            <summary>Get Encryption Status</summary>
        </member>
        <member name="P:iconnect.IUser.Captcha">
            <summary>Get Capture Test Flag</summary>
        </member>
        <member name="P:iconnect.IUser.Registered">
            <summary>Get Logged In Flag</summary>
        </member>
        <member name="P:iconnect.IUser.Cloaked">
            <summary>Get or Set Cloaked Status</summary>
        </member>
        <member name="P:iconnect.IUser.Connected">
            <summary>Get Connected Status</summary>
        </member>
        <member name="P:iconnect.IUser.Idle">
            <summary>Get Idle Status</summary>
        </member>
        <member name="P:iconnect.IUser.Quarantined">
            <summary>Get Quarantine Status</summary>
        </member>
        <member name="T:iconnect.IRoom">
            <summary>Chatroom Properties</summary>
        </member>
        <member name="M:iconnect.IRoom.UpdateURL(System.String,System.String)">
            <summary>Update the main URL tag</summary>
        </member>
        <member name="M:iconnect.IRoom.ClearURL">
            <summary>Clear the main URL tag</summary>
        </member>
        <member name="P:iconnect.IRoom.CustomNamesEnabled">
            <summary>Get or set the global custom names setting</summary>
        </member>
        <member name="P:iconnect.IRoom.Name">
            <summary>Get the chatroom name</summary>
        </member>
        <member name="P:iconnect.IRoom.Topic">
            <summary>Get or set the chatroom main topic</summary>
        </member>
        <member name="P:iconnect.IRoom.ExternalIP">
            <summary>Get the chatroom external IP address</summary>
        </member>
        <member name="P:iconnect.IRoom.LocalIP">
            <summary>Get the chatroom local IP address</summary>
        </member>
        <member name="P:iconnect.IRoom.Port">
            <summary>Get the chatroom data port</summary>
        </member>
        <member name="P:iconnect.IRoom.Hashlink">
            <summary>Get the chatroom hashlink</summary>
        </member>
        <member name="P:iconnect.IRoom.IsRunning">
            <summary>Get the chatroom running status</summary>
        </member>
        <member name="P:iconnect.IRoom.Language">
            <summary>Get the chatroom preferred langauge code</summary>
        </member>
        <member name="P:iconnect.IRoom.BotName">
            <summary>Get the chatroom bot name</summary>
        </member>
        <member name="P:iconnect.IRoom.StartTime">
            <summary>Get the timestamp when the server started</summary>
        </member>
        <member name="P:iconnect.IRoom.MinimumAge">
            <summary>Get the minimum age to join the chatroom</summary>
        </member>
        <member name="P:iconnect.IRoom.Version">
            <summary>Get the server version</summary>
        </member>
        <member name="T:iconnect.IRecord">
            <summary>Historic user record</summary>
        </member>
        <member name="M:iconnect.IRecord.Ban">
            <summary>Add this user to the ban list</summary>
        </member>
        <member name="P:iconnect.IRecord.JoinTime">
            <summary>Get joining timestamp</summary>
        </member>
        <member name="P:iconnect.IRecord.Name">
            <summary>Get joining user name</summary>
        </member>
        <member name="P:iconnect.IRecord.ExternalIP">
            <summary>Get external IP address</summary>
        </member>
        <member name="P:iconnect.IRecord.LocalIP">
            <summary>Get local IP address</summary>
        </member>
        <member name="P:iconnect.IRecord.Version">
            <summary>Get client version</summary>
        </member>
        <member name="P:iconnect.IRecord.DataPort">
            <summary>Get data port</summary>
        </member>
        <member name="P:iconnect.IRecord.Guid">
            <summary>Get 16 byte GUID</summary>
        </member>
        <member name="P:iconnect.IRecord.DNS">
            <summary>Get DNS host name</summary>
        </member>
        <member name="T:iconnect.IPool">
            <summary>User Pool</summary>
        </member>
        <member name="M:iconnect.IPool.Find(System.Predicate{iconnect.IUser})">
            <summary>Find a specific user</summary>
        </member>
        <member name="M:iconnect.IPool.Ares(System.Action{iconnect.IUser})">
            <summary>Action all Ares clients</summary>
        </member>
        <member name="M:iconnect.IPool.Web(System.Action{iconnect.IUser})">
            <summary>Action all Web Browser clients</summary>
        </member>
        <member name="M:iconnect.IPool.Linked(System.Action{iconnect.IUser})">
            <summary>Action all Linked clients</summary>
        </member>
        <member name="M:iconnect.IPool.All(System.Action{iconnect.IUser})">
            <summary>Action all clients</summary>
        </member>
        <member name="M:iconnect.IPool.Banned(System.Action{iconnect.IBan})">
            <summary>Action all banned users</summary>
        </member>
        <member name="M:iconnect.IPool.Records(System.Action{iconnect.IRecord})">
            <summary>Action all user records from this session</summary>
        </member>
        <member name="T:iconnect.ISpell">
            <summary>Spell Checker</summary>
        </member>
        <member name="M:iconnect.ISpell.Check(System.String)">
            <summary>Spell Checker</summary>
        </member>
        <member name="M:iconnect.ISpell.Confirm(System.String)">
            <summary>Spell Checker</summary>
        </member>
        <member name="M:iconnect.ISpell.Suggest(System.String)">
            <summary>Suggestions</summary>
        </member>
        <member name="T:iconnect.IFont">
            <summary>Custom Font</summary>
        </member>
        <member name="P:iconnect.IFont.Family">
            <summary>Get or set font name</summary>
        </member>
        <member name="P:iconnect.IFont.Size">
            <summary>Get or set font size</summary>
        </member>
        <member name="P:iconnect.IFont.NameColor">
            <summary>Get or set name color</summary>
        </member>
        <member name="P:iconnect.IFont.TextColor">
            <summary>Get or set text color</summary>
        </member>
        <member name="P:iconnect.IFont.NameColorNew">
            <summary>Get or set name color (new protocol)</summary>
        </member>
        <member name="P:iconnect.IFont.TextColorNew">
            <summary>Get or set text color (new protocol)</summary>
        </member>
        <member name="P:iconnect.IFont.HasFont">
            <summary>Get or set font active status</summary>
        </member>
    </members>
</doc>
